kvgmc6g5,kvgmc6g5 2
نحب ناخذ دار كيفاه نعمل ؟,"عسلامة، مصرف الزيتونة يوفرلك ""تمويل منزل""  يقوم المصرف بتمويل مباشر يوصل ل % 80 من مخطط التّمويل علما و أن القيمة  تحدّد حسب قدرتك على الخلاص(  لازم ما تتجاوزش 40٪ من الدخل الشهري). بالنسبة لل 20% تتمثل في  التمويل الذاتي  وهي  تسبقة يقدمه…"
عندي استفسار ممكن رقم الخاص,عسلامة
انا نحب نشري أثاث لدارنا انجم ناخو قرض,عسلامة ، مصرف الزيتونة يعتمد المالية الإسلامية فهو لا يعطي قروض نقدا لكن يوفر صيغ تمويل حسب إحتياجات الحريف أكثر تفاصيل على الموقع الإلكتروني :
نحب نشرى دار,"عسلامة، مصرف الزيتونة يوفرلك ""تمويل منزل""  يقوم المصرف بتمويل مباشر يوصل ل % 80 من مخطط التّمويل علما و أن القيمة  تحدّد حسب قدرتك على الخلاص(  لازم ما تتجاوزش 40٪ من الدخل الشهري). بالنسبة لل 20% تتمثل في  التمويل الذاتي  وهي  تسبقة يقدمه…"
نحب رقم فرع ولاية قبلي,"عسلامة,"
شكرا,
هل هناك نصيب لمتقاعدين مع الشكر,عسلامة لمزيد من المعلومات تنجم تتفضل بحذانا لأقرب فرع مصرف زيتونة، مرشد الحرفاء يهتم بطلبك و يوفرلك اكثر معلومات. مرحبا بيك
لحب يخذ قرض شنيا ضمنات,عسلامة ، مصرف الزيتونة يعتمد المالية الإسلامية فهو لا يعطي قروض نقدا لكن يوفر صيغ تمويل حسب إحتياجات الحريف أكثر تفاصيل على الموقع الإلكتروني :
انحب.قرض.انا.حريف.معكم..10.اسنين,عسلامة ، مصرف الزيتونة يعتمد المالية الإسلامية فهو لا يعطي قروض نقدا لكن يوفر صيغ تمويل حسب إحتياجات الحريف أكثر تفاصيل على الموقع الإلكتروني :
Ahla ana moutan   falh       min selyna nhib na5ou 9arth nkml Bih dari kifh na3ml,عسلامة ، مصرف الزيتونة يعتمد المالية الإسلامية فهو لا يعطي قروض نقدا لكن يوفر صيغ تمويل حسب إحتياجات الحريف أكثر تفاصيل على الموقع الإلكتروني :
ana ne5dem w mtrasma w chahriti 550 njm ne5o kreth kimto 18 malyoun brabi,عسلامة ، مصرف الزيتونة يعتمد المالية الإسلامية فهو لا يعطي قروض نقدا لكن يوفر صيغ تمويل حسب إحتياجات الحريف أكثر تفاصيل على الموقع الإلكتروني :